cgdivision,ownergroup,pmnum,pmdescription,jpdescription,nexttrigger,unitstogo,alias,assetdescription,locdescription,metername,lastreading,pmstatus,assetstatus,assetnum,frequency,tolerance,wonum,wodescription,reportdate,lastpmwogenread,dayslate,curjpdescription,unitslate
String,String,String,String,String,Float,Float,String,String,String,String,Float,String,String,String,Float,Float,String,String,DateTime,Float,Integer,String,Integer
TRANSIT,TR-WESTNEY-WO,PM64356,8592 - SERVICE INSPECTION,CONVENTIONAL NEW FLYER - A SERVICE,809438,788,8592,2014 - CONVENTIONAL NEW FLYER - 8592,DRT WESTNEY GARAGE,ODOMETER,808650,ACTIVE,OPERATING,1566391,10000,1000,T1071388,8592 - SERVICE INSPECTION,2026-01-29 3:00,798716,14,CONVENTIONAL NEW FLYER - D SERVICE,9212
TRANSIT,TR-RALEIGH-WO,PM36393,8507 - SERVICE INSPECTION,CONVENTIONAL NEW FLYER - A SERVICE,1150613,7707,8507,2011 - CONVENTIONAL NEW FLYER - 8507,DRT RALEIGH GARAGE,ODOMETER,1142906,ACTIVE,OPERATING,1200099,10000,1000,T1071698,11,2026-02-02 12:53,1140507,10,CONVENTIONAL NEW FLYER - B SERVICE,2293
TRANSIT,TR-RALEIGH-WO,PM36617,8566 - SERVICE INSPECTION,CONVENTIONAL NOVA - A SERVICE,640513,7757,8566,2017 - CONVENTIONAL NOVA  - 8566,DRT RALEIGH GARAGE,ODOMETER,632756,ACTIVE,OPERATING,1200155,10000,1000,T1071582,8566 - SERVICE INSPECTION,2026-01-31 3:01,629887,12,CONVENTIONAL NOVA - D SERVICE,2243
TRANSIT,TR-RALEIGH-WO,PM36741,8608 - SERVICE INSPECTION,CONVENTIONAL NEW FLYER - A SERVICE,996061,7797,8608,2012 - CONVENTIONAL NEW FLYER- 8608,DRT RALEIGH GARAGE,ODOMETER,988264,ACTIVE,OPERATING,1200186,10000,1000,T1071838,8608 - SERVICE INSPECTION,2026-02-04 3:02,985136,8,CONVENTIONAL NEW FLYER - C SERVICE,2203
TRANSIT,TR-WESTNEY-WO,PM63952,6138 - SERVICE INSPECTION,CONVENTIONAL NOVA - A SERVICE,178546,7902,6138,2024 - CONVENTIONAL NOVA - 6138,DRT WESTNEY GARAGE,ODOMETER,170644,ACTIVE,OPERATING,1565625,10000,1000,T1071699,6138 - SERVICE INSPECTION,2026-02-02 12:53,167747,10,CONVENTIONAL NOVA - B SERVICE,2098
TRANSIT,TR-WESTNEY-WO,PM36413,8512 - SERVICE INSPECTION,CONVENTIONAL NEW FLYER - B SERVICE,1197383,7934,8512,2011 - CONVENTIONAL NEW FLYER - 8512,DRT WESTNEY GARAGE,ODOMETER,1189449,ACTIVE,OPERATING,1200104,10000,1000,T1071404,8512 - SERVICE INSPECTION,2026-01-29 3:02,1186707,14,CONVENTIONAL NEW FLYER - A SERVICE,2066
TRANSIT,TR-WESTNEY-WO,PM62118,6122 - SERVICE INSPECTIONS,CONVENTIONAL NOVA HYBRID - A SERVICE,270466,7953,6122,2022 - CONVENTIONAL NOVA HYBRID - 6122,DRT WESTNEY GARAGE,ODOMETER,262513,ACTIVE,OPERATING,1540688,10000,1000,T1071503,6122 - SERVICE INSPECTIONS,2026-01-30 3:03,259845,13,CONVENTIONAL NOVA HYBRID - B SERVICE,2047
TRANSIT,TR-WESTNEY-WO,PM64594,6146 - SERVICE INSPECTION,CONVENTIONAL NOVA - A SERVICE,164616,8016,6146,2024 - CONVENTIONAL NOVA - 6146,DRT WESTNEY GARAGE,ODOMETER,156600,ACTIVE,OPERATING,1566105,10000,1000,T1071851,6146 - SERVICE INSPECTION,2026-02-04 3:04,154035,8,CONVENTIONAL NOVA - B SERVICE,1984
TRANSIT,TR-WESTNEY-WO,PM36017,6104 - SERVICE INSPECTION,CONVENTIONAL NOVA - B SERVICE,534406,8071,6104,2018 - CONVENTIONAL NOVA - 6104,DRT WESTNEY GARAGE,ODOMETER,526335,ACTIVE,OPERATING,1200005,10000,1000,T1071403,6104 - SERVICE INSPECTION,2026-01-29 3:01,523439,14,CONVENTIONAL NOVA - A SERVICE,1929
TRANSIT,TR-RALEIGH-WO,PM36561,8552 - SERVICE INSPECTION,CONVENTIONAL NOVA - A SERVICE,789798,8097,8552,2015 - CONVENTIONAL NOVA LFS- 8552,DRT RALEIGH GARAGE,ODOMETER,781701,ACTIVE,OPERATING,1200141,10000,1000,T1071405,8552 - SERVICE INSPECTION,2026-01-29 3:02,778988,14,CONVENTIONAL NOVA - B SERVICE,1903
TRANSIT,TR-WESTNEY-WO,PM64582,6140 - SERVICE INSPECTION,CONVENTIONAL NOVA - A SERVICE,177605,8156,6140,2024 - CONVENTIONAL NOVA - 6140,DRT WESTNEY GARAGE,ODOMETER,169449,ACTIVE,OPERATING,1566103,10000,1000,T1071926,6140 - SERVICE INSPECTION,2026-02-05 3:03,167001,7,CONVENTIONAL NOVA - B SERVICE,1844
TRANSIT,TR-WESTNEY-WO,PM64606,6152 - SERVICE INSPECTION,CONVENTIONAL NOVA - A SERVICE,101522,8157,6152,2024 - CONVENTIONAL NOVA - 6152,DRT WESTNEY GARAGE,ODOMETER,93365,ACTIVE,OPERATING,1568400,10000,1000,T1071852,6152 - SERVICE INSPECTION,2026-02-04 3:05,90760,8,CONVENTIONAL NOVA - D SERVICE,1843
TRANSIT,TR-WESTNEY-WO,PM64586,6143 - SERVICE INSPECTION,CONVENTIONAL NOVA - B SERVICE,171834,8201,6143,2024 - CONVENTIONAL NOVA - 6143,DRT WESTNEY GARAGE,ODOMETER,163633,ACTIVE,OPERATING,1566331,10000,1000,T1071674,6143 - SERVICE INSPECTION,2026-02-02 3:04,160899,10,CONVENTIONAL NOVA - A SERVICE,1799
TRANSIT,TR-RALEIGH-WO,PM37069,6119 - SERVICE INSPECTION,CONVENTIONAL NOVA - A SERVICE,444639,8266,6119,2020 - CONVENTIONAL NOVA - 6119,DRT RALEIGH GARAGE,ODOMETER,436373,ACTIVE,OPERATING,1200302,10000,1000,T1071995,6119 - SERVICE INSPECTION,2026-02-06 3:02,433894,6,CONVENTIONAL NOVA - B SERVICE,1734
TRANSIT,TR-RALEIGH-WO,PM36681,8582 - SERVICE INSPECTION,CONVENTIONAL NOVA - D SERVICE,688472,8269,8582,2017 - CONVENTIONAL NOVA  - 8582,DRT RALEIGH GARAGE,ODOMETER,680203,ACTIVE,OPERATING,1200171,10000,1000,T1071581,8582 - SERVICE INSPECTION,2026-01-31 3:01,677827,12,CONVENTIONAL NOVA - A SERVICE,1731
TRANSIT,TR-WESTNEY-WO,PM62593,7123 - SERVICE INSPECTION,CONVENTIONAL NOVA - A SERVICE,256237,8279,7123,2023 - CONVENTIONAL NOVA - 7123,DRT WESTNEY GARAGE,ODOMETER,247958,ACTIVE,OPERATING,1558194,10000,1000,T1071673,7123 - SERVICE INSPECTION,2026-02-02 3:03,245585,10,CONVENTIONAL NOVA - B SERVICE,1721
TRANSIT,TR-WESTNEY-WO,PM61484,7118 - SERVICE INSPECTION,CONVENTIONAL NOVA - A SERVICE,359694,8291,7118,2022 - CONVENTIONAL NOVA - 7118,DRT WESTNEY GARAGE,ODOMETER,351403,ACTIVE,OPERATING,1250290,10000,1000,T1071672,7118 - SERVICE INSPECTION,2026-02-02 3:03,348790,10,CONVENTIONAL NOVA - B SERVICE,1709
TRANSIT,TR-WESTNEY-WO,PM37201,4100 - SERVICE INSPECTION,ADMIN - A SERVICE,115098,3329,4100,2019 - FORD ESCAPE - 4100,DRT WESTNEY GARAGE,ODOMETER,111769,ACTIVE,OPERATING,1200331,5000,1000,T1069121,4100 - SERVICE INSPECTION,2025-12-24 3:02,109492,49,ADMIN - B SERVICE,1671
TRANSIT,TR-WESTNEY-WO,PM36493,8532 - SERVICE INSPECTION,CONVENTIONAL NEW FLYER - A SERVICE,1110082,8425,8532,2012 - CONVENTIONAL NEW FLYER - 8532,DRT WESTNEY GARAGE,ODOMETER,1101657,ACTIVE,OPERATING,1200124,10000,1000,T1071670,8532 - SERVICE INSPECTION,2026-02-02 3:01,1099780,10,CONVENTIONAL NEW FLYER - B SERVICE,1575
TRANSIT,TR-WESTNEY-WO,PM64618,6155 - SERVICE INSPECTION,CONVENTIONAL NOVA - A SERVICE,103987,8606,6155,2024 - CONVENTIONAL NOVA - 6155,DRT WESTNEY GARAGE,ODOMETER,95381,ACTIVE,OPERATING,1568402,10000,1000,T1072251,6155 - SERVICE INSPECTION,2026-02-10 3:05,94114,2,CONVENTIONAL NOVA - D SERVICE,1394
TRANSIT,TR-WESTNEY-WO,PM36553,8547 - SERVICE INSPECTION,CONVENTIONAL NEW FLYER - A SERVICE,886284,8652,8547,2014 - CONVENTIONAL NEW FLYER - 8547,DRT WESTNEY GARAGE,ODOMETER,877632,ACTIVE,OPERATING,1200139,10000,1000,T1071833,8547 - SERVICE INSPECTION,2026-02-04 3:01,875356,8,CONVENTIONAL NEW FLYER - B SERVICE,1348
TRANSIT,TR-WESTNEY-WO,PM62120,6124 - SERVICE INSPECTIONS,CONVENTIONAL NOVA HYBRID - D SERVICE,273720,8776,6124,2022 - CONVENTIONAL NOVA HYBRID - 6124,DRT WESTNEY GARAGE,ODOMETER,264944,ACTIVE,OPERATING,1540691,10000,1000,T1070561,6124 - SERVICE INSPECTIONS,2026-01-17 3:03,262763,26,CONVENTIONAL NOVA HYBRID - A SERVICE,1224
TRANSIT,TR-RALEIGH-WO,PM36709,8589 - SERVICE INSPECTION,CONVENTIONAL NOVA - A SERVICE,606985,8781,8589,2017 - CONVENTIONAL NOVA LFS- 8589,DRT RALEIGH GARAGE,ODOMETER,598204,ACTIVE,OPERATING,1200178,10000,1000,T1071994,8589 - SERVICE INSPECTION,2026-02-06 3:02,596413,6,CONVENTIONAL NOVA - C SERVICE,1219
TRANSIT,TR-WESTNEY-WO,PM36377,8503 - SERVICE INSPECTION,CONVENTIONAL NEW FLYER - D SERVICE,1193566,8814,8503,2011 - CONVENTIONAL NEW FLYER - 8503,DRT WESTNEY GARAGE,ODOMETER,1184752,ACTIVE,OPERATING,1200095,10000,1000,T1071992,8503 - SERVICE INSPECTION,2026-02-06 3:00,1182588,6,CONVENTIONAL NEW FLYER - A SERVICE,1186
TRANSIT,TR-WESTNEY-WO,PM36797,8622 - SERVICE INSPECTION,CONVENTIONAL NEW FLYER - D SERVICE,998654,8868,8622,2012 - CONVENTIONAL NEW FLYER- 8622,DRT WESTNEY GARAGE,ODOMETER,989786,ACTIVE,OPERATING,1200200,10000,1000,T1072243,8622 - SERVICE INSPECTION,2026-02-10 3:03,988646,2,CONVENTIONAL NEW FLYER - A SERVICE,1132
TRANSIT,TR-WESTNEY-WO,PM36005,6101 - SERVICE INSPECTION,CONVENTIONAL NOVA - C SERVICE,551533,8921,6101,2018 - CONVENTIONAL NOVA - 6101,DRT WESTNEY GARAGE,ODOMETER,542612,ACTIVE,OPERATING,1200002,10000,1000,T1072237,6101 - SERVICE INSPECTION,2026-02-10 3:00,542057,2,CONVENTIONAL NOVA - A SERVICE,1079
TRANSIT,TR-RALEIGH-WO,PM36637,8571 - SERVICE INSPECTION,CONVENTIONAL NOVA - A SERVICE,729283,8993,8571,2017 - CONVENTIONAL NOVA  - 8571,DRT RALEIGH GARAGE,ODOMETER,720290,ACTIVE,OPERATING,1200160,10000,1000,T1071756,8571 - SERVICE INSPECTION,2026-02-03 3:01,718327,9,CONVENTIONAL NOVA - D SERVICE,1007
TRANSIT,TR-RALEIGH-WO,PM36013,6103 - SERVICE INSPECTION,CONVENTIONAL NOVA - B SERVICE,587288,9012,6103,2018 - CONVENTIONAL NOVA - 6103,DRT RALEIGH GARAGE,ODOMETER,578276,ACTIVE,OPERATING,1200004,10000,1000,T1072071,6103 - SERVICE INSPECTION,2026-02-07 3:00,576694,5,CONVENTIONAL NOVA - A SERVICE,988
TRANSIT,TR-WESTNEY-WO,PM36809,8625 - SERVICE INSPECTION,CONVENTIONAL NEW FLYER - D SERVICE,975086,9077,8625,2012 - CONVENTIONAL NEW FLYER- 8625,DRT WESTNEY GARAGE,ODOMETER,966009,ACTIVE,OPERATING,1200203,10000,1000,T1071214,8625 - SERVICE INSPECTION,2026-01-27 3:03,964089,16,CONVENTIONAL NEW FLYER - A SERVICE,923
TRANSIT,TR-WESTNEY-WO,PM36769,8615 - SERVICE INSPECTION,CONVENTIONAL NEW FLYER - A SERVICE,940041,9088,8615,2012 - CONVENTIONAL NEW FLYER- 8615,DRT WESTNEY GARAGE,ODOMETER,930953,ACTIVE,OPERATING,1200193,10000,1000,T1072242,8615 - SERVICE INSPECTION,2026-02-10 3:02,930191,2,CONVENTIONAL NEW FLYER - C SERVICE,912
TRANSIT,TR-RALEIGH-WO,PM36725,8604 - SERVICE INSPECTION,CONVENTIONAL NEW FLYER - A SERVICE,1026201,9103,8604,2012 - CONVENTIONAL NEW FLYER- 8604,DRT RALEIGH GARAGE,ODOMETER,1017098,ACTIVE,OPERATING,1200182,10000,1000,T1072241,8604 - SERVICE INSPECTION,2026-02-10 3:02,1016448,2,CONVENTIONAL NEW FLYER - B SERVICE,897
TRANSIT,TR-WESTNEY-WO,PM36533,8542 - SERVICE INSPECTION,CONVENTIONAL NEW FLYER - A SERVICE,965759,9159,8542,2013 - CONVENTIONAL NEW FLYER - 8542,DRT WESTNEY GARAGE,ODOMETER,956600,ACTIVE,OPERATING,1200134,10000,1000,T1072238,8542 - SERVICE INSPECTION,2026-02-10 3:01,955626,2,CONVENTIONAL NEW FLYER - B SERVICE,841
TRANSIT,TR-WESTNEY-WO,PM36757,8612 - SERVICE INSPECTION,CONVENTIONAL NEW FLYER - B SERVICE,1041361,9539,8612,2012 - CONVENTIONAL NEW FLYER- 8612,DRT WESTNEY GARAGE,ODOMETER,1031822,ACTIVE,OPERATING,1200190,10000,1000,T1072074,8612 - SERVICE INSPECTION,2026-02-07 3:02,1030587,5,CONVENTIONAL NEW FLYER - A SERVICE,461
TRANSIT,TR-RALEIGH-WO,PM37356,7111 - SERVICE INSPECTION,CONVENTIONAL NOVA - A SERVICE,320005,9572,7111,2021 - CONVENTIONAL NOVA - 7111,DRT RALEIGH GARAGE,ODOMETER,310433,ACTIVE,OPERATING,1200435,10000,1000,T1067603,7111 - SERVICE INSPECTION,2025-12-01 0:06,310005,71,CONVENTIONAL NOVA - B SERVICE,428
TRANSIT,TR-RALEIGH-WO,PM37360,7112 - SERVICE INSPECTION,CONVENTIONAL NOVA - B SERVICE,390334,9800,7112,2021 - CONVENTIONAL NOVA - 7112,DRT RALEIGH GARAGE,ODOMETER,380534,ACTIVE,OPERATING,1200436,10000,1000,T1072248,7112 - SERVICE INSPECTION,2026-02-10 3:04,379813,2,CONVENTIONAL NOVA - A SERVICE,200
TRANSIT,TR-RALEIGH-WO,PM37205,4102 - SERVICE INSPECTION,ADMIN - A SERVICE,45182,4812,4102,2019 - FORD F-250 - 4102,DRT RALEIGH GARAGE,ODOMETER,40370,ACTIVE,OPERATING,1200333,5000,1000,T1070361,4102 - SERVICE INSPECTION,2026-01-15 3:03,39517,28,ADMIN - A SERVICE,188
TRANSIT,TR-RALEIGH-WO,PM36589,8559 - SERVICE INSPECTION,CONVENTIONAL NOVA - A SERVICE,809040,9827,8559,2015 - CONVENTIONAL NOVA LFS- 8559,DRT RALEIGH GARAGE,ODOMETER,799213,ACTIVE,OPERATING,1200148,10000,1000,T1072329,8559 - SERVICE INSPECTION,2026-02-11 3:02,798348,1,CONVENTIONAL NOVA - B SERVICE,173
TRANSIT,TR-WESTNEY-WO,PM64352,8590 - SERVICE INSPECTION,CONVENTIONAL NEW FLYER - A SERVICE,853119,9886,8590,2014 - CONVENTIONAL NEW FLYER - 8590,DRT WESTNEY GARAGE,ODOMETER,843233,ACTIVE,OPERATING,1566388,10000,1000,T1072236,8590 - SERVICE INSPECTION,2026-02-10 3:00,842238,2,CONVENTIONAL NEW FLYER - D SERVICE,114
TRANSIT,TR-WESTNEY-WO,PM36829,8710 - SERVICE INSPECTION,ADMIN - A SERVICE,127703,4895,8710,2013 - FORD 350 - PICK UP - 8710,DRT WESTNEY GARAGE,ODOMETER,122808,ACTIVE,OPERATING,1200208,5000,1000,T1068701,8710 - SERVICE INSPECTION,2025-12-17 3:02,121719,56,ADMIN - A SERVICE,105
TRANSIT,TR-RALEIGH-WO,PM36405,8510 - SERVICE INSPECTION,CONVENTIONAL NEW FLYER - A SERVICE,1123345,9909,8510,2011 - CONVENTIONAL NEW FLYER - 8510,DRT RALEIGH GARAGE,ODOMETER,1113436,ACTIVE,OPERATING,1200102,10000,1000,T1072072,8510 - SERVICE INSPECTION,2026-02-07 3:01,1112587,5,CONVENTIONAL NEW FLYER - C SERVICE,91
TRANSIT,TR-RALEIGH-WO,PM36701,8587 - SERVICE INSPECTION,CONVENTIONAL NOVA - A SERVICE,692576,9966,8587,2017 - CONVENTIONAL NOVA  - 8587,DRT RALEIGH GARAGE,ODOMETER,682610,ACTIVE,OPERATING,1200176,10000,1000,T1072240,8587 - SERVICE INSPECTION,2026-02-10 3:02,681713,2,CONVENTIONAL NOVA - B SERVICE,34
TRANSIT,TR-RALEIGH-WO,PM36601,8562 - SERVICE INSPECTION,CONVENTIONAL NOVA - A SERVICE,726221,10088,8562,2016 - CONVENTIONAL NOVA LFS- 8562,DRT RALEIGH GARAGE,ODOMETER,716133,ACTIVE,OPERATING,1200151,10000,1000,T1071499,8562 - SERVICE INSPECTION,2026-01-30 3:01,715607,13,CONVENTIONAL NOVA - B SERVICE,0
TRANSIT,TR-WESTNEY-WO,PM36417,8513 - SERVICE INSPECTION,CONVENTIONAL NEW FLYER - A SERVICE,1126579,10120,8513,2011 - CONVENTIONAL NEW FLYER - 8513,DRT WESTNEY GARAGE,ODOMETER,1116459,ACTIVE,OPERATING,1200105,10000,1000,T1072324,8513 - SERVICE INSPECTION,2026-02-11 3:00,1115695,1,CONVENTIONAL NEW FLYER - B SERVICE,0
TRANSIT,TR-WESTNEY-WO,PM36381,8504 - SERVICE INSPECTION,CONVENTIONAL NEW FLYER - B SERVICE,1219902,10141,8504,2011 - CONVENTIONAL NEW FLYER - 8504,DRT WESTNEY GARAGE,ODOMETER,1209761,ACTIVE,OPERATING,1200096,10000,1000,T1072325,8504 - SERVICE INSPECTION,2026-02-11 3:00,1208930,1,CONVENTIONAL NEW FLYER - A SERVICE,0
TRANSIT,TR-RALEIGH-WO,PM63248,7124 - SERVICE INSPECTION,CONVENTIONAL NOVA - A SERVICE,283295,10143,7124,2023 - CONVENTIONAL NOVA - 7124,DRT RALEIGH GARAGE,ODOMETER,273152,ACTIVE,OPERATING,1558546,10000,1000,T1072337,7124 - SERVICE INSPECTION,2026-02-11 3:04,272338,1,CONVENTIONAL NOVA - B SERVICE,0
TRANSIT,TR-RALEIGH-WO,PM36641,8572 - SERVICE INSPECTION,CONVENTIONAL NOVA - A SERVICE,841510,10156,8572,2017 - CONVENTIONAL NOVA - 8572,DRT RALEIGH GARAGE,ODOMETER,831354,ACTIVE,OPERATING,1200161,10000,1000,T1072328,8572 - SERVICE INSPECTION,2026-02-11 3:01,830512,1,CONVENTIONAL NOVA - C SERVICE,0
TRANSIT,TR-WESTNEY-WO,PM62096,6120 - SERVICE INSPECTION,CONVENTIONAL NOVA HYBRID - A SERVICE,272080,10157,6120,2022 - CONVENTIONAL NOVA HYBRID - 6120,DRT WESTNEY GARAGE,ODOMETER,261923,ACTIVE,OPERATING,1540685,10000,1000,T1069831,6120 - SERVICE INSPECTION,2026-01-06 3:04,255960,36,CONVENTIONAL NOVA HYBRID - B SERVICE,0
TRANSIT,TR-RALEIGH-WO,PM37207,4103 - SERVICE INSPECTION,ADMIN - B SERVICE,48954,5188,4103,2019 - FORD F-350 - 4103,DRT RALEIGH GARAGE,ODOMETER,43766,ACTIVE,OPERATING,1200334,5000,1000,T1070360,4103 - SERVICE INSPECTION,2026-01-15 3:02,43140,28,ADMIN - A SERVICE,0
TRANSIT,TR-WESTNEY-WO,PM62119,6123 - SERVICE INSPECTIONS,CONVENTIONAL NOVA HYBRID - B SERVICE,155989,10331,6123,2022 - CONVENTIONAL NOVA HYBRID - 6123,DRT WESTNEY GARAGE,ODOMETER,145658,ACTIVE,OPERATING,1540690,10000,1000,T1072403,6123 - SERVICE INSPECTIONS,2026-02-12 3:04,145656,0,CONVENTIONAL NOVA HYBRID - A SERVICE,0
TRANSIT,TR-WESTNEY-WO,PM36457,8523 - SERVICE INSPECTION,CONVENTIONAL NEW FLYER - A SERVICE,1106341,10332,8523,2012 - CONVENTIONAL NEW FLYER - 8523,DRT WESTNEY GARAGE,ODOMETER,1096009,ACTIVE,OPERATING,1200115,10000,1000,T1072326,8523 - SERVICE INSPECTION,2026-02-11 3:01,1095425,1,CONVENTIONAL NEW FLYER - D SERVICE,0
TRANSIT,TR-WESTNEY-WO,PM61475,7120 - SERVICE INSPECTION,CONVENTIONAL NOVA - A SERVICE,379419,10346,7120,2022 - CONVENTIONAL NOVA - 7120,DRT WESTNEY GARAGE,ODOMETER,369073,ACTIVE,OPERATING,1250281,10000,1000,T1072402,7120 - SERVICE INSPECTION,2026-02-12 3:04,368682,0,CONVENTIONAL NOVA - B SERVICE,0
TRANSIT,TR-WESTNEY-WO,PM37372,7115 - SERVICE INSPECTION,CONVENTIONAL NOVA - C SERVICE,414709,10355,7115,2021 - CONVENTIONAL NOVA - 7115,DRT WESTNEY GARAGE,ODOMETER,404354,ACTIVE,OPERATING,1200439,10000,1000,T1072401,7115 - SERVICE INSPECTION,2026-02-12 3:03,403875,0,CONVENTIONAL NOVA - A SERVICE,0
TRANSIT,TR-WESTNEY-WO,PM64602,6151 - SERVICE INSPECTION,CONVENTIONAL NOVA - A SERVICE,101194,10358,6151,2024 - CONVENTIONAL NOVA - 6151,DRT WESTNEY GARAGE,ODOMETER,90836,ACTIVE,OPERATING,1568399,10000,1000,T1072076,6151 - SERVICE INSPECTION,2026-02-07 3:04,90422,5,CONVENTIONAL NOVA - D SERVICE,0
TRANSIT,TR-RALEIGH-WO,PM36481,8529 - SERVICE INSPECTION,CONVENTIONAL NEW FLYER - A SERVICE,1161758,10360,8529,2012 - CONVENTIONAL NEW FLYER - 8529,DRT RALEIGH GARAGE,ODOMETER,1151398,ACTIVE,OPERATING,1200121,10000,1000,T1072327,8529 - SERVICE INSPECTION,2026-02-11 3:01,1150972,1,CONVENTIONAL NEW FLYER - C SERVICE,0
TRANSIT,TR-WESTNEY-WO,PM36765,8614 - SERVICE INSPECTION,CONVENTIONAL NEW FLYER - B SERVICE,988212,10387,8614,2012 - CONVENTIONAL NEW FLYER- 8614,DRT WESTNEY GARAGE,ODOMETER,977825,ACTIVE,OPERATING,1200192,10000,1000,T1072073,8614 - SERVICE INSPECTION,2026-02-07 3:02,977545,5,CONVENTIONAL NEW FLYER - A SERVICE,0
TRANSIT,TR-RALEIGH-WO,PM36053,7100 - SERVICE INSPECTION,CONVENTIONAL NOVA - B SERVICE,533453,471,7100,2018 - CONVENTIONAL NOVA - 7100,DRT RALEIGH GARAGE,ODOMETER,532982,ACTIVE,OPERATING,1200314,10000,1000,,,,0,0,,0
TRANSIT,TR-RALEIGH-WO,PM37065,6118 - SERVICE INSPECTION,CONVENTIONAL NOVA - B SERVICE,412189,498,6118,2020 - CONVENTIONAL NOVA - 6118,DRT RALEIGH GARAGE,ODOMETER,411691,ACTIVE,OPERATING,1200301,10000,1000,,,,0,0,,0
TRANSIT,TR-RALEIGH-WO,PM64463,6132 - SERVICE INSPECTION,CONVENTIONAL NOVA - A SERVICE,50620,10547,6132,2024 - ELECTRIC NOVA  - 6132,DRT RALEIGH GARAGE,ODOMETER,40073,ACTIVE,OPERATING,1567922,10000,1000,T1071925,6132 - SERVICE INSPECTION,2026-02-05 3:03,40072,7,CONVENTIONAL NOVA - C SERVICE,0
TRANSIT,TR-WESTNEY-WO,PM64610,6153 - SERVICE INSPECTION,CONVENTIONAL NOVA - A SERVICE,103296,10629,6153,2024 - CONVENTIONAL NOVA - 6153,DRT WESTNEY GARAGE,ODOMETER,92667,ACTIVE,OPERATING,1568343,10000,1000,T1072077,6153 - SERVICE INSPECTION,2026-02-07 3:04,92345,5,CONVENTIONAL NOVA - D SERVICE,0
TRANSIT,TR-WESTNEY-WO,PM64622,6156 - SERVICE INSPECTION,CONVENTIONAL NOVA - D SERVICE,91241,10701,6156,2024 - CONVENTIONAL NOVA - 6156,DRT WESTNEY GARAGE,ODOMETER,80540,ACTIVE,OPERATING,1568403,10000,1000,T1072404,6156 - SERVICE INSPECTION,2026-02-12 3:04,80539,0,CONVENTIONAL NOVA - A SERVICE,0
TRANSIT,TR-RALEIGH-WO,PM36565,8553 - SERVICE INSPECTION,CONVENTIONAL NOVA - A SERVICE,829295,718,8553,2015 - CONVENTIONAL NOVA LFS- 8553,DRT RALEIGH GARAGE,ODOMETER,828577,ACTIVE,OPERATING,1200142,10000,1000,,,,0,0,,0
TRANSIT,TR-WESTNEY-WO,PM36773,8616 - SERVICE INSPECTION,CONVENTIONAL NEW FLYER - B SERVICE,1024975,750,8616,2012 - CONVENTIONAL NEW FLYER- 8616,DRT WESTNEY GARAGE,ODOMETER,1024225,ACTIVE,OPERATING,1200194,10000,1000,,,,0,0,,0
TRANSIT,TR-RALEIGH-WO,PM36501,8534 - SERVICE INSPECTION,CONVENTIONAL NEW FLYER - B SERVICE,1144489,10845,8534,2012 - CONVENTIONAL NEW FLYER - 8534,DRT RALEIGH GARAGE,ODOMETER,1133644,ACTIVE,OPERATING,1200126,10000,1000,T1072396,8534 - SERVICE INSPECTION,2026-02-12 3:01,1133644,0,CONVENTIONAL NEW FLYER - A SERVICE,0
TRANSIT,TR-RALEIGH-WO,PM36805,8624 - SERVICE INSPECTION,CONVENTIONAL NEW FLYER - A SERVICE,1039269,906,8624,2012 - CONVENTIONAL NEW FLYER- 8624,DRT RALEIGH GARAGE,ODOMETER,1038363,ACTIVE,OPERATING,1200202,10000,1000,,,,0,0,,0
TRANSIT,TR-RALEIGH-WO,PM37203,4101 - SERVICE INSPECTION,ADMIN - B SERVICE,159903,5912,4101,2019 - FORD ESCAPE - 4101,DRT RALEIGH GARAGE,ODOMETER,153991,ACTIVE,OPERATING,1200332,5000,1000,T1072399,4101 - SERVICE INSPECTION,2026-02-12 3:02,153991,0,ADMIN - A SERVICE,0
TRANSIT,TR-WESTNEY-WO,PM36469,8526 - SERVICE INSPECTION,CONVENTIONAL NEW FLYER - C SERVICE,1096061,952,8526,2012 - CONVENTIONAL NEW FLYER - 8526,DRT WESTNEY GARAGE,ODOMETER,1095109,ACTIVE,OPERATING,1200118,10000,1000,,,,0,0,,0
TRANSIT,TR-RALEIGH-WO,PM36649,8574 - SERVICE INSPECTION,CONVENTIONAL NOVA - A SERVICE,816359,1022,8574,2017 - CONVENTIONAL NOVA  - 8574,DRT RALEIGH GARAGE,ODOMETER,815337,ACTIVE,OPERATING,1200163,10000,1000,,,,0,0,,0
TRANSIT,TR-WESTNEY-WO,PM37384,7105 - SERVICE INSPECTION,CONVENTIONAL NOVA - A SERVICE,413588,1131,7105,2021 - CONVENTIONAL NOVA - 7105,DRT WESTNEY GARAGE,ODOMETER,412457,ACTIVE,OPERATING,1200442,10000,1000,,,,0,0,,0
TRANSIT,TR-RALEIGH-WO,PM37420,4108 - SERVICE INSPECTION,ADMIN - B SERVICE,94152,1277,4108,2022 - HYUNDAI TUCSON - HYBRID - 4108,DRT RALEIGH GARAGE,ODOMETER,92875,ACTIVE,OPERATING,1200452,5000,1000,,,,0,0,,0
TRANSIT,TR-WESTNEY-WO,PM36821,8708 - SERVICE INSPECTION,ADMIN - A SERVICE,77866,1323,8708,2011 - FORD 350 PICK UP - 8708,DRT WESTNEY GARAGE,ODOMETER,76543,ACTIVE,OPERATING,1200206,5000,1000,,,,0,0,,0
TRANSIT,TR-RALEIGH-WO,PM36801,8623 - SERVICE INSPECTION,CONVENTIONAL NEW FLYER - A SERVICE,1030037,1331,8623,2012 - CONVENTIONAL NEW FLYER- 8623,DRT RALEIGH GARAGE,ODOMETER,1028706,ACTIVE,OPERATING,1200201,10000,1000,,,,0,0,,0
TRANSIT,TR-WESTNEY-WO,PM37340,7104 - SERVICE INSPECTION,CONVENTIONAL NOVA - D SERVICE,372028,1358,7104,2021 - CONVENTIONAL NOVA - 7104,DRT WESTNEY GARAGE,ODOMETER,370670,ACTIVE,OPERATING,1200431,10000,1000,,,,0,0,,0
TRANSIT,TR-RALEIGH-WO,PM36653,8575 - SERVICE INSPECTION,CONVENTIONAL NOVA - A SERVICE,850662,1414,8575,2017 - CONVENTIONAL NOVA  - 8575,DRT RALEIGH GARAGE,ODOMETER,849248,ACTIVE,OPERATING,1200164,10000,1000,,,,0,0,,0
TRANSIT,TR-RALEIGH-WO,PM36557,8551 - SERVICE INSPECTION,CONVENTIONAL NOVA - A SERVICE,775540,1417,8551,2015 - CONVENTIONAL NOVA LFS- 8551,DRT RALEIGH GARAGE,ODOMETER,774123,ACTIVE,OPERATING,1200140,10000,1000,,,,0,0,,0
TRANSIT,TR-WESTNEY-WO,PM36793,8621 - SERVICE INSPECTION,CONVENTIONAL NEW FLYER - A SERVICE,969971,1462,8621,2012 - CONVENTIONAL NEW FLYER- 8621,DRT WESTNEY GARAGE,ODOMETER,968509,ACTIVE,OPERATING,1200199,10000,1000,,,,0,0,,0
TRANSIT,TR-WESTNEY-WO,PM64614,6154 - SERVICE INSPECTION,CONVENTIONAL NOVA - A SERVICE,82927,1467,6154,2024 - CONVENTIONAL NOVA - 6154,DRT WESTNEY GARAGE,ODOMETER,81460,ACTIVE,OPERATING,1568401,10000,1000,,,,0,0,,0
TRANSIT,TR-RALEIGH-WO,PM36733,8606 - SERVICE INSPECTION,CONVENTIONAL NEW FLYER - A SERVICE,1069881,1476,8606,2012 - CONVENTIONAL NEW FLYER- 8606,DRT RALEIGH GARAGE,ODOMETER,1068405,ACTIVE,OPERATING,1200184,10000,1000,,,,0,0,,0
TRANSIT,TR-RALEIGH-WO,PM37073,9100 - SERVICE INSPECTION,NOVA ARTICULATED CONVENTIONAL  - A SERVICE,348746,1498,9100,2020 - CONVENTIONAL NOVA ARTICULATED - 9100,DRT RALEIGH GARAGE,ODOMETER,347248,ACTIVE,OPERATING,1200303,10000,1000,,,,0,0,,0
TRANSIT,TR-RALEIGH-WO,PM36661,8577 - SERVICE INSPECTION,CONVENTIONAL NOVA - A SERVICE,763442,1626,8577,2017 - CONVENTIONAL NOVA  - 8577,DRT RALEIGH GARAGE,ODOMETER,761816,ACTIVE,OPERATING,1200166,10000,1000,,,,0,0,,0
TRANSIT,TR-RALEIGH-WO,PM37089,9104 - SERVICE INSPECTION,NOVA ARTICULATED CONVENTIONAL  - A SERVICE,357457,1754,9104,2020 - CONVENTIONAL NOVA ARTICULATED - 9104,DRT RALEIGH GARAGE,ODOMETER,355703,ACTIVE,OPERATING,1200307,10000,1000,,,,0,0,,0
TRANSIT,TR-WESTNEY-WO,PM37400,7109 - SERVICE INSPECTION,CONVENTIONAL NOVA - A SERVICE,369603,1773,7109,2021 - CONVENTIONAL NOVA - 7109,DRT WESTNEY GARAGE,ODOMETER,367830,ACTIVE,OPERATING,1200446,10000,1000,,,,0,0,,0
TRANSIT,TR-RALEIGH-WO,PM36657,8576 - SERVICE INSPECTION,CONVENTIONAL NOVA - B SERVICE,709320,1777,8576,2017 - CONVENTIONAL NOVA  - 8576,DRT RALEIGH GARAGE,ODOMETER,707543,ACTIVE,OPERATING,1200165,10000,1000,,,,0,0,,0
TRANSIT,TR-RALEIGH-WO,PM64533,6130 - SERVICE INSPECTION,CONVENTIONAL NOVA - A SERVICE,29318,1810,6130,2024 - ELECTRIC NOVA - 6130,DRT RALEIGH GARAGE,ODOMETER,27508,ACTIVE,OPERATING,1568054,10000,1000,,,,0,0,,0
TRANSIT,TR-RALEIGH-WO,PM36697,8586 - SERVICE INSPECTION,CONVENTIONAL NOVA - B SERVICE,689721,1845,8586,2017 - CONVENTIONAL NOVA  - 8586,DRT RALEIGH GARAGE,ODOMETER,687876,ACTIVE,OPERATING,1200175,10000,1000,,,,0,0,,0
TRANSIT,TR-RALEIGH-WO,PM36061,7102 - SERVICE INSPECTION,CONVENTIONAL NOVA - A SERVICE,493575,1852,7102,2018 - CONVENTIONAL NOVA - 7102,DRT RALEIGH GARAGE,ODOMETER,491723,ACTIVE,OPERATING,1200316,10000,1000,,,,0,0,,0
TRANSIT,TR-WESTNEY-WO,PM37396,7108 - SERVICE INSPECTION,CONVENTIONAL NOVA - B SERVICE,394295,1878,7108,2021 - CONVENTIONAL NOVA - 7108,DRT WESTNEY GARAGE,ODOMETER,392417,ACTIVE,OPERATING,1200445,10000,1000,,,,0,0,,0
TRANSIT,TR-WESTNEY-WO,PM64598,6148 - SERVICE INSPECTION,CONVENTIONAL NOVA - A SERVICE,159788,1909,6148,2024 - CONVENTIONAL NOVA - 6148,DRT WESTNEY GARAGE,ODOMETER,157879,ACTIVE,OPERATING,1566120,10000,1000,,,,0,0,,0
TRANSIT,TR-RALEIGH-WO,PM36401,8509 - SERVICE INSPECTION,CONVENTIONAL NEW FLYER - A SERVICE,1175964,1931,8509,2011 - CONVENTIONAL NEW FLYER - 8509,DRT RALEIGH GARAGE,ODOMETER,1174033,ACTIVE,OPERATING,1200101,10000,1000,,,,0,0,,0
TRANSIT,TR-WESTNEY-WO,PM36825,8709 - SERVICE INSPECTION,ADMIN - B SERVICE,110518,1997,8709,2012 - FORD 350 PICK UP - 8709,DRT WESTNEY GARAGE,ODOMETER,108521,ACTIVE,OPERATING,1200207,5000,1000,,,,0,0,,0
TRANSIT,TR-WESTNEY-WO,PM36525,8540 - SERVICE INSPECTION,CONVENTIONAL NEW FLYER - B SERVICE,908354,2082,8540,2013 - CONVENTIONAL NEW FLYER - 8540,DRT WESTNEY GARAGE,ODOMETER,906272,ACTIVE,OPERATING,1200132,10000,1000,,,,0,0,,0
TRANSIT,TR-RALEIGH-WO,PM64455,6150 - SERVICE INSPECTION,CONVENTIONAL NOVA - C SERVICE,130737,2116,6150,2024 - CONVENTIONAL NOVA - 6150,DRT RALEIGH GARAGE,ODOMETER,128621,ACTIVE,OPERATING,1567920,10000,1000,,,,0,0,,0
TRANSIT,TR-WESTNEY-WO,PM36485,8530 - SERVICE INSPECTION,CONVENTIONAL NEW FLYER - D SERVICE,1058986,2143,8530,2012 - CONVENTIONAL NEW FLYER - 8530,DRT WESTNEY GARAGE,ODOMETER,1056843,ACTIVE,OPERATING,1200122,10000,1000,,,,0,0,,0
TRANSIT,TR-WESTNEY-WO,PM36009,6102 - SERVICE INSPECTION,CONVENTIONAL NOVA - A SERVICE,531326,2185,6102,2018 - CONVENTIONAL NOVA - 6102,DRT WESTNEY GARAGE,ODOMETER,529141,ACTIVE,OPERATING,1200003,10000,1000,,,,0,0,,0
TRANSIT,TR-WESTNEY-WO,PM37416,4106 - SERVICE INSPECTION,ADMIN - A SERVICE,85500,2193,4106,2022 - HYUNDAI TUCSON - HYBRID - 4106,DRT WESTNEY GARAGE,ODOMETER,83307,ACTIVE,OPERATING,1200450,5000,1000,,,,0,0,,0
TRANSIT,TR-RALEIGH-WO,PM36573,8555 - SERVICE INSPECTION,CONVENTIONAL NOVA - A SERVICE,784191,2232,8555,2015 - CONVENTIONAL NOVA LFS- 8555,DRT RALEIGH GARAGE,ODOMETER,781959,ACTIVE,OPERATING,1200144,10000,1000,,,,0,0,,0
TRANSIT,TR-WESTNEY-WO,PM36489,8531 - SERVICE INSPECTION,CONVENTIONAL NEW FLYER - A SERVICE,1125793,2307,8531,2012 - CONVENTIONAL NEW FLYER - 8531,DRT WESTNEY GARAGE,ODOMETER,1123486,ACTIVE,OPERATING,1200123,10000,1000,,,,0,0,,0
TRANSIT,TR-WESTNEY-WO,PM62125,6129 - SERVICE INSPECTIONS,CONVENTIONAL NOVA HYBRID - A SERVICE,280289,2422,6129,2022 - CONVENTIONAL NOVA HYBRID - 6129,DRT WESTNEY GARAGE,ODOMETER,277867,ACTIVE,OPERATING,1540696,10000,1000,,,,0,0,,0
TRANSIT,TR-RALEIGH-WO,PM37211,4105 - SERVICE INSPECTION,ADMIN - A SERVICE,27870,2520,4105,2020 - FORD ESCAPE - 4105,DRT RALEIGH GARAGE,ODOMETER,25350,ACTIVE,OPERATING,1200336,5000,1000,,,,0,0,,0
TRANSIT,TR-WESTNEY-WO,PM36421,8514 - SERVICE INSPECTION,CONVENTIONAL NEW FLYER - A SERVICE,1089602,2521,8514,2011 - CONVENTIONAL NEW FLYER - 8514,DRT WESTNEY GARAGE,ODOMETER,1087081,ACTIVE,OPERATING,1200106,10000,1000,,,,0,0,,0
TRANSIT,TR-RALEIGH-WO,PM36353,8470 - SERVICE INSPECTION,CONVENTIONAL NEW FLYER - B SERVICE,778870,2539,8470,2009 - CONVENTIONAL NEW FLYER - 8470,DRT RALEIGH GARAGE,ODOMETER,776331,ACTIVE,OPERATING,1200089,10000,1000,,,,0,0,,0
TRANSIT,TR-RALEIGH-WO,PM64372,6147 - SERVICE INSPECTION,CONVENTIONAL NOVA - B SERVICE,156568,2543,6147,2024 - CONVENTIONAL NOVA - 6147,DRT RALEIGH GARAGE,ODOMETER,154025,ACTIVE,OPERATING,1567285,10000,1000,,,,0,0,,0
TRANSIT,TR-WESTNEY-WO,PM61488,7122 - SERVICE INSPECTION,CONVENTIONAL NOVA - B SERVICE,370238,2617,7122,2022 - CONVENTIONAL NOVA - 7122,DRT WESTNEY GARAGE,ODOMETER,367621,ACTIVE,OPERATING,1250291,10000,1000,,,,0,0,,0
TRANSIT,TR-RALEIGH-WO,PM36049,6112 - SERVICE INSPECTION,CONVENTIONAL NOVA - A SERVICE,606822,2618,6112,2018 - CONVENTIONAL NOVA - 6112,DRT RALEIGH GARAGE,ODOMETER,604204,ACTIVE,OPERATING,1200013,10000,1000,,,,0,0,,0
TRANSIT,TR-RALEIGH-WO,PM37053,6115 - SERVICE INSPECTION,CONVENTIONAL NOVA - A SERVICE,508354,2644,6115,2019 - CONVENTIONAL NOVA - 6115,DRT RALEIGH GARAGE,ODOMETER,505710,ACTIVE,OPERATING,1200298,10000,1000,,,,0,0,,0
TRANSIT,TR-RALEIGH-WO,PM36625,8568 - SERVICE INSPECTION,CONVENTIONAL NOVA - C SERVICE,677421,2690,8568,2017 - CONVENTIONAL NOVA  - 8568,DRT RALEIGH GARAGE,ODOMETER,674731,ACTIVE,OPERATING,1200157,10000,1000,,,,0,0,,0
TRANSIT,TR-WESTNEY-WO,PM37418,4107 - SERVICE INSPECTION,ADMIN - A SERVICE,86360,2693,4107,2022 - HYUNDAI TUCSON - HYBRID - 4107,DRT WESTNEY GARAGE,ODOMETER,83667,ACTIVE,OPERATING,1200451,5000,1000,,,,0,0,,0
TRANSIT,TR-RALEIGH-WO,PM64378,6145 - SERVICE INSPECTION,CONVENTIONAL NOVA - A SERVICE,152378,2717,6145,2024 - CONVENTIONAL NOVA - 6145,DRT RALEIGH GARAGE,ODOMETER,149661,ACTIVE,OPERATING,1567295,10000,1000,,,,0,0,,0
TRANSIT,TR-RALEIGH-WO,PM36673,8580 - SERVICE INSPECTION,CONVENTIONAL NOVA - A SERVICE,608359,2764,8580,2017 - CONVENTIONAL NOVA  - 8580,DRT RALEIGH GARAGE,ODOMETER,605595,ACTIVE,OPERATING,1200169,10000,1000,,,,0,0,,0
TRANSIT,TR-RALEIGH-WO,PM64373,6149 - SERVICE INSPECTION,CONVENTIONAL NOVA - A SERVICE,137302,2797,6149,2024 - CONVENTIONAL NOVA - 6149,DRT RALEIGH GARAGE,ODOMETER,134505,ACTIVE,OPERATING,1566604,10000,1000,,,,0,0,,0
TRANSIT,TR-RALEIGH-WO,PM37209,4104 - SERVICE INSPECTION,ADMIN - A SERVICE,114156,2853,4104,2020 - FORD EQUINOX - 4104,DRT RALEIGH GARAGE,ODOMETER,111303,ACTIVE,OPERATING,1200335,5000,1000,,,,0,0,,0
TRANSIT,TR-WESTNEY-WO,PM36541,8544 - SERVICE INSPECTION,CONVENTIONAL NEW FLYER - D SERVICE,902022,2948,8544,2014 - CONVENTIONAL NEW FLYER - 8544,DRT WESTNEY GARAGE,ODOMETER,899074,ACTIVE,OPERATING,1200136,10000,1000,,,,0,0,,0
TRANSIT,TR-RALEIGH-WO,PM36357,8471 - SERVICE INSPECTION,CONVENTIONAL NEW FLYER - C SERVICE,1005143,3009,8471,2010 - CONVENTIONAL NEW FLYER - 8471,DRT RALEIGH GARAGE,ODOMETER,1002134,ACTIVE,OPERATING,1200090,10000,1000,,,,0,0,,0
TRANSIT,TR-WESTNEY-WO,PM36761,8613 - SERVICE INSPECTION,CONVENTIONAL NEW FLYER - A SERVICE,987321,3048,8613,2012 - CONVENTIONAL NEW FLYER- 8613,DRT WESTNEY GARAGE,ODOMETER,984273,ACTIVE,OPERATING,1200191,10000,1000,,,,0,0,,0
TRANSIT,TR-WESTNEY-WO,PM36877,8770 - SERVICE INSPECTION,ADMIN - A SERVICE,93392,3145,8770,2018 - FORD ESCAPE - 8770,DRT WESTNEY GARAGE,ODOMETER,90247,ACTIVE,OPERATING,1200220,5000,1000,,,,0,0,,0
TRANSIT,TR-RALEIGH-WO,PM36689,8584 - SERVICE INSPECTION,CONVENTIONAL NOVA - A SERVICE,670069,3322,8584,2017 - CONVENTIONAL NOVA  - 8584,DRT RALEIGH GARAGE,ODOMETER,666747,ACTIVE,OPERATING,1200173,10000,1000,,,,0,0,,0
TRANSIT,TR-RALEIGH-WO,PM36505,8535 - SERVICE INSPECTION,CONVENTIONAL NEW FLYER - B SERVICE,1161682,3476,8535,2012 - CONVENTIONAL NEW FLYER - 8535,DRT RALEIGH GARAGE,ODOMETER,1158206,ACTIVE,OPERATING,1200127,10000,1000,,,,0,0,,0
TRANSIT,TR-WESTNEY-WO,PM63948,6136 - SERVICE INSPECTION,CONVENTIONAL NOVA - A SERVICE,163415,3546,6136,2024 - CONVENTIONAL NOVA - 6136,DRT WESTNEY GARAGE,ODOMETER,159869,ACTIVE,OPERATING,1565624,10000,1000,,,,0,0,,0
TRANSIT,TR-WESTNEY-WO,PM36545,8545 - SERVICE INSPECTION,CONVENTIONAL NEW FLYER - B SERVICE,907068,3591,8545,2014 - CONVENTIONAL NEW FLYER - 8545,DRT WESTNEY GARAGE,ODOMETER,903477,ACTIVE,OPERATING,1200137,10000,1000,,,,0,0,,0
TRANSIT,TR-RALEIGH-WO,PM36669,8579 - SERVICE INSPECTION,CONVENTIONAL NOVA - B SERVICE,665725,3594,8579,2017 - CONVENTIONAL NOVA  - 8579,DRT RALEIGH GARAGE,ODOMETER,662131,ACTIVE,OPERATING,1200168,10000,1000,,,,0,0,,0
TRANSIT,TR-WESTNEY-WO,PM36813,8626 - SERVICE INSPECTION,CONVENTIONAL NEW FLYER - D SERVICE,1021906,3655,8626,2012 - CONVENTIONAL NEW FLYER- 8626,DRT WESTNEY GARAGE,ODOMETER,1018251,ACTIVE,OPERATING,1200204,10000,1000,,,,0,0,,0
TRANSIT,TR-RALEIGH-WO,PM37422,4109 - SERVICE INSPECTION,ADMIN - A SERVICE,128412,3672,4109,2022 - HYUNDAI TUCSON - HYBRID - 4109,DRT RALEIGH GARAGE,ODOMETER,124740,ACTIVE,OPERATING,1200453,5000,1000,,,,0,0,,0
TRANSIT,TR-RALEIGH-WO,PM37348,9106 - SERVICE INSPECTION,NOVA ARTICULATED CONVENTIONAL  - B SERVICE,238548,3778,9106,2021 - CONVENTIONAL NOVA ARTICULATED - 9106,DRT RALEIGH GARAGE,ODOMETER,234770,ACTIVE,OPERATING,1200433,10000,1000,,,,0,0,,0
TRANSIT,TR-RALEIGH-WO,PM36693,8585 - SERVICE INSPECTION,CONVENTIONAL NOVA - A SERVICE,707171,3790,8585,2017 - CONVENTIONAL NOVA  - 8585,DRT RALEIGH GARAGE,ODOMETER,703381,ACTIVE,OPERATING,1200174,10000,1000,,,,0,0,,0
TRANSIT,TR-WESTNEY-WO,PM61471,7119 - SERVICE INSPECTION,CONVENTIONAL NOVA - A SERVICE,379502,3946,7119,2022 - CONVENTIONAL NOVA - 7119,DRT WESTNEY GARAGE,ODOMETER,375556,ACTIVE,OPERATING,1250280,10000,1000,,,,0,0,,0
TRANSIT,TR-WESTNEY-WO,PM36517,8538 - SERVICE INSPECTION,CONVENTIONAL NEW FLYER - A SERVICE,1085839,4003,8538,2013 - CONVENTIONAL NEW FLYER - 8538,DRT WESTNEY GARAGE,ODOMETER,1081836,ACTIVE,OPERATING,1200130,10000,1000,,,,0,0,,0
TRANSIT,TR-WESTNEY-WO,PM36537,8543 - SERVICE INSPECTION,CONVENTIONAL NEW FLYER - B SERVICE,860962,4081,8543,2013 - CONVENTIONAL NEW FLYER - 8543,DRT WESTNEY GARAGE,ODOMETER,856881,ACTIVE,OPERATING,1200135,10000,1000,,,,0,0,,0
TRANSIT,TR-WESTNEY-WO,PM36001,6100 - SERVICE INSPECTION,CONVENTIONAL NOVA - C SERVICE,558024,4085,6100,2018 - CONVENTIONAL NOVA - 6100,DRT WESTNEY GARAGE,ODOMETER,553939,ACTIVE,OPERATING,1200001,10000,1000,,,,0,0,,0
TRANSIT,TR-RALEIGH-WO,PM37093,9105 - SERVICE INSPECTION,NOVA ARTICULATED CONVENTIONAL  - D SERVICE,297964,4093,9105,2020 - CONVENTIONAL NOVA ARTICULATED - 9105,DRT RALEIGH GARAGE,ODOMETER,293871,ACTIVE,OPERATING,1200308,10000,1000,,,,0,0,,0
TRANSIT,TR-WESTNEY-WO,PM36057,7101 - SERVICE INSPECTION,CONVENTIONAL NOVA - A SERVICE,550115,4110,7101,2018 - CONVENTIONAL NOVA - 7101,DRT WESTNEY GARAGE,ODOMETER,546005,ACTIVE,OPERATING,1200315,10000,1000,,,,0,0,,0
TRANSIT,TR-RALEIGH-WO,PM36713,8601 - SERVICE INSPECTION,CONVENTIONAL NEW FLYER - A SERVICE,1053863,4186,8601,2012 - CONVENTIONAL NEW FLYER- 8601,DRT RALEIGH GARAGE,ODOMETER,1049677,ACTIVE,OPERATING,1200179,10000,1000,,,,0,0,,0
TRANSIT,TR-RALEIGH-WO,PM36613,8565 - SERVICE INSPECTION,CONVENTIONAL NOVA - A SERVICE,683948,4194,8565,2016 - CONVENTIONAL NOVA LFS- 8565,DRT RALEIGH GARAGE,ODOMETER,679754,ACTIVE,OPERATING,1200154,10000,1000,,,,0,0,,0
TRANSIT,TR-WESTNEY-WO,PM36549,8546 - SERVICE INSPECTION,CONVENTIONAL NEW FLYER - B SERVICE,821878,4273,8546,2014 - CONVENTIONAL NEW FLYER - 8546,DRT WESTNEY GARAGE,ODOMETER,817605,ACTIVE,OPERATING,1200138,10000,1000,,,,0,0,,0
TRANSIT,TR-WESTNEY-WO,PM36513,8537 - SERVICE INSPECTION,CONVENTIONAL NEW FLYER - A SERVICE,1092423,4293,8537,2013 - CONVENTIONAL NEW FLYER - 8537,DRT WESTNEY GARAGE,ODOMETER,1088130,ACTIVE,OPERATING,1200129,10000,1000,,,,0,0,,0
TRANSIT,TR-RALEIGH-WO,PM36873,8769 - SERVICE INSPECTION,ADMIN - A SERVICE,115895,4293,8769,2018 - FORD ESCAPE - 8769,DRT RALEIGH GARAGE,ODOMETER,111602,ACTIVE,OPERATING,1200219,5000,1000,,,,0,0,,0
TRANSIT,TR-RALEIGH-WO,PM37077,9101 - SERVICE INSPECTION,NOVA ARTICULATED CONVENTIONAL  - A SERVICE,361585,4325,9101,2020 - CONVENTIONAL NOVA ARTICULATED - 9101,DRT RALEIGH GARAGE,ODOMETER,357260,ACTIVE,OPERATING,1200304,10000,1000,,,,0,0,,0
TRANSIT,TR-WESTNEY-WO,PM63954,6142 - SERVICE INSPECTION,CONVENTIONAL NOVA - A SERVICE,148180,4407,6142,2024 - CONVENTIONAL NOVA - 6142,DRT WESTNEY GARAGE,ODOMETER,143773,ACTIVE,OPERATING,1565626,10000,1000,,,,0,0,,0
TRANSIT,TR-RALEIGH-WO,PM36581,8557 - SERVICE INSPECTION,CONVENTIONAL NOVA - B SERVICE,827764,4451,8557,2015 - CONVENTIONAL NOVA LFS- 8557,DRT RALEIGH GARAGE,ODOMETER,823313,ACTIVE,OPERATING,1200146,10000,1000,,,,0,0,,0
TRANSIT,TR-RALEIGH-WO,PM36025,6106 - SERVICE INSPECTION,CONVENTIONAL NOVA - A SERVICE,598613,4722,6106,2018 - CONVENTIONAL NOVA - 6106,DRT RALEIGH GARAGE,ODOMETER,593891,ACTIVE,OPERATING,1200007,10000,1000,,,,0,0,,0
TRANSIT,TR-RALEIGH-WO,PM36677,8581 - SERVICE INSPECTION,CONVENTIONAL NOVA - B SERVICE,651045,4751,8581,2017 - CONVENTIONAL NOVA  - 8581,DRT RALEIGH GARAGE,ODOMETER,646294,ACTIVE,OPERATING,1200170,10000,1000,,,,0,0,,0
TRANSIT,TR-WESTNEY-WO,PM62124,6128 - SERVICE INSPECTION,CONVENTIONAL NOVA HYBRID - A SERVICE,232559,4754,6128,2022 - CONVENTIONAL NOVA HYBRID - 6128,DRT WESTNEY GARAGE,ODOMETER,227805,ACTIVE,OPERATING,1540695,10000,1000,,,,0,0,,0
TRANSIT,TR-WESTNEY-WO,PM36789,8620 - SERVICE INSPECTION,CONVENTIONAL NEW FLYER - A SERVICE,969726,4758,8620,2012 - CONVENTIONAL NEW FLYER- 8620,DRT WESTNEY GARAGE,ODOMETER,964968,ACTIVE,OPERATING,1200198,10000,1000,,,,0,0,,0
TRANSIT,TR-WESTNEY-WO,PM62117,6121 - SERVICE INSPECTIONS,CONVENTIONAL NOVA HYBRID - A SERVICE,244347,4793,6121,2022 - CONVENTIONAL NOVA HYBRID - 6121,DRT WESTNEY GARAGE,ODOMETER,239554,ACTIVE,OPERATING,1540687,10000,1000,,,,0,0,,0
TRANSIT,TR-WESTNEY-WO,PM37376,7116 - SERVICE INSPECTION,CONVENTIONAL NOVA - B SERVICE,390122,4804,7116,2021 - CONVENTIONAL NOVA - 7116,DRT WESTNEY GARAGE,ODOMETER,385318,ACTIVE,OPERATING,1200440,10000,1000,,,,0,0,,0
TRANSIT,TR-RALEIGH-WO,PM36857,8765 - SERVICE INSPECTION,ADMIN - A SERVICE,38262,5000,8765,2014 - MOBILITY VENTURES / MV-1 DX - 8765,DRT RALEIGH GARAGE,ODOMETER,33262,ACTIVE,OPERATING,1200215,5000,1000,,,,0,0,,0
TRANSIT,TR-WESTNEY-WO,PM36373,8502 - SERVICE INSPECTION,CONVENTIONAL NEW FLYER - A SERVICE,1121054,5191,8502,2011 - CONVENTIONAL NEW FLYER - 8502,DRT WESTNEY GARAGE,ODOMETER,1115863,ACTIVE,OPERATING,1200094,10000,1000,,,,0,0,,0
TRANSIT,TR-WESTNEY-WO,PM36385,8505 - SERVICE INSPECTION,CONVENTIONAL NEW FLYER - A SERVICE,1150798,5258,8505,2011 - CONVENTIONAL NEW FLYER - 8505,DRT WESTNEY GARAGE,ODOMETER,1145540,ACTIVE,OPERATING,1200097,10000,1000,,,,0,0,,0
TRANSIT,TR-WESTNEY-WO,PM36785,8619 - SERVICE INSPECTION,CONVENTIONAL NEW FLYER - A SERVICE,963100,5316,8619,2012 - CONVENTIONAL NEW FLYER- 8619,DRT WESTNEY GARAGE,ODOMETER,957784,ACTIVE,OPERATING,1200197,10000,1000,,,,0,0,,0
TRANSIT,TR-RALEIGH-WO,PM36749,8610 - SERVICE INSPECTION,CONVENTIONAL NEW FLYER - B SERVICE,932338,5549,8610,2012 - CONVENTIONAL NEW FLYER- 8610,DRT RALEIGH GARAGE,ODOMETER,926789,ACTIVE,OPERATING,1200188,10000,1000,,,,0,0,,0
TRANSIT,TR-WESTNEY-WO,PM64355,8591 - SERVICE INSPECTION,CONVENTIONAL NEW FLYER - D SERVICE,875164,5624,8591,2014 - CONVENTIONAL NEW FLYER - 8591,DRT WESTNEY GARAGE,ODOMETER,869540,ACTIVE,OPERATING,1566390,10000,1000,,,,0,0,,0
TRANSIT,TR-WESTNEY-WO,PM36477,8528 - SERVICE INSPECTION,CONVENTIONAL NEW FLYER - C SERVICE,1138907,5753,8528,2012 - CONVENTIONAL NEW FLYER - 8528,DRT WESTNEY GARAGE,ODOMETER,1133154,ACTIVE,OPERATING,1200120,10000,1000,,,,0,0,,0
TRANSIT,TR-RALEIGH-WO,PM36645,8573 - SERVICE INSPECTION,CONVENTIONAL NOVA - C SERVICE,860108,15775,8573,2017 - CONVENTIONAL NOVA  - 8573,DRT RALEIGH GARAGE,ODOMETER,844333,ACTIVE,OPERATING,1200162,10000,1000,T1072239,8573 - SERVICE INSPECTION,2026-02-10 3:02,844333,2,CONVENTIONAL NOVA - A SERVICE,0
TRANSIT,TR-RALEIGH-WO,PM64459,6134 - SERVICE INSPECTION,CONVENTIONAL NOVA - A SERVICE,54112,5776,6134,2024 - ELECTRIC NOVA - 6134,DRT RALEIGH GARAGE,ODOMETER,48336,ACTIVE,OPERATING,1567921,10000,1000,,,,0,0,,0
TRANSIT,TR-RALEIGH-WO,PM36609,8564 - SERVICE INSPECTION,CONVENTIONAL NOVA - A SERVICE,704800,5791,8564,2016 - CONVENTIONAL NOVA LFS- 8564,DRT RALEIGH GARAGE,ODOMETER,699009,ACTIVE,OPERATING,1200153,10000,1000,,,,0,0,,0
TRANSIT,TR-WESTNEY-WO,PM36509,8536 - SERVICE INSPECTION,CONVENTIONAL NEW FLYER - A SERVICE,1052711,5952,8536,2013 - CONVENTIONAL NEW FLYER - 8536,DRT WESTNEY GARAGE,ODOMETER,1046759,ACTIVE,OPERATING,1200128,10000,1000,,,,0,0,,0
TRANSIT,TR-WESTNEY-WO,PM63953,6141 - SERVICE INSPECTION,CONVENTIONAL NOVA - B SERVICE,164508,6125,6141,2024 - CONVENTIONAL NOVA - 6141,DRT WESTNEY GARAGE,ODOMETER,158383,ACTIVE,OPERATING,1565623,10000,1000,,,,0,0,,0
TRANSIT,TR-WESTNEY-WO,PM36361,8472 - SERVICE INSPECTION,CONVENTIONAL NEW FLYER - D SERVICE,1003715,6128,8472,2010 - CONVENTIONAL NEW FLYER - 8472,DRT WESTNEY GARAGE,ODOMETER,997587,ACTIVE,OPERATING,1200091,10000,1000,,,,0,0,,0
TRANSIT,TR-WESTNEY-WO,PM61479,7121 - SERVICE INSPECTION,CONVENTIONAL NOVA - C SERVICE,338538,6160,7121,2022 - CONVENTIONAL NOVA - 7121,DRT WESTNEY GARAGE,ODOMETER,332378,ACTIVE,OPERATING,1250283,10000,1000,,,,0,0,,0
TRANSIT,TR-WESTNEY-WO,PM62122,6126 - SERVICE INSPECTIONS,CONVENTIONAL NOVA HYBRID - C SERVICE,231763,6177,6126,2022 - CONVENTIONAL NOVA HYBRID - 6126,DRT WESTNEY GARAGE,ODOMETER,225586,ACTIVE,OPERATING,1540693,10000,1000,,,,0,0,,0
TRANSIT,TR-WESTNEY-WO,PM37380,7117 - SERVICE INSPECTION,CONVENTIONAL NOVA - A SERVICE,333254,6199,7117,2021 - CONVENTIONAL NOVA - 7117,DRT WESTNEY GARAGE,ODOMETER,327055,ACTIVE,OPERATING,1200441,10000,1000,,,,0,0,,0
TRANSIT,TR-WESTNEY-WO,PM36389,8506 - SERVICE INSPECTION,CONVENTIONAL NEW FLYER - B SERVICE,1101931,6288,8506,2011 - CONVENTIONAL NEW FLYER - 8506,DRT WESTNEY GARAGE,ODOMETER,1095643,ACTIVE,OPERATING,1200098,10000,1000,,,,0,0,,0
TRANSIT,TR-RALEIGH-WO,PM37081,9102 - SERVICE INSPECTION,NOVA ARTICULATED CONVENTIONAL  - C SERVICE,340283,6371,9102,2020 - CONVENTIONAL NOVA ARTICULATED - 9102,DRT RALEIGH GARAGE,ODOMETER,333912,ACTIVE,OPERATING,1200305,10000,1000,,,,0,0,,0
TRANSIT,TR-RALEIGH-WO,PM36033,6108 - SERVICE INSPECTION,CONVENTIONAL NOVA - A SERVICE,615009,6429,6108,2018 - CONVENTIONAL NOVA - 6108,DRT RALEIGH GARAGE,ODOMETER,608580,ACTIVE,OPERATING,1200009,10000,1000,,,,0,0,,0
TRANSIT,TR-RALEIGH-WO,PM36621,8567 - SERVICE INSPECTION,CONVENTIONAL NOVA - A SERVICE,682781,6446,8567,2017 - CONVENTIONAL NOVA  - 8567,DRT RALEIGH GARAGE,ODOMETER,676335,ACTIVE,OPERATING,1200156,10000,1000,,,,0,0,,0
TRANSIT,TR-RALEIGH-WO,PM36737,8607 - SERVICE INSPECTION,CONVENTIONAL NEW FLYER - B SERVICE,999954,6538,8607,2012 - CONVENTIONAL NEW FLYER- 8607,DRT RALEIGH GARAGE,ODOMETER,993416,ACTIVE,OPERATING,1200185,10000,1000,,,,0,0,,0
TRANSIT,TR-WESTNEY-WO,PM36461,8524 - SERVICE INSPECTION,CONVENTIONAL NEW FLYER - A SERVICE,1151195,6550,8524,2012 - CONVENTIONAL NEW FLYER - 8524,DRT WESTNEY GARAGE,ODOMETER,1144645,ACTIVE,OPERATING,1200116,10000,1000,,,,0,0,,0
TRANSIT,TR-WESTNEY-WO,PM37388,7106 - SERVICE INSPECTION,CONVENTIONAL NOVA - D SERVICE,362114,6557,7106,2021 - CONVENTIONAL NOVA - 7106,DRT WESTNEY GARAGE,ODOMETER,355557,ACTIVE,OPERATING,1200443,10000,1000,,,,0,0,,0
TRANSIT,TR-RALEIGH-WO,PM37368,7114 - SERVICE INSPECTION,CONVENTIONAL NOVA - A SERVICE,371018,6563,7114,2021 - CONVENTIONAL NOVA - 7114,DRT RALEIGH GARAGE,ODOMETER,364455,ACTIVE,OPERATING,1200438,10000,1000,,,,0,0,,0
TRANSIT,TR-RALEIGH-WO,PM64365,6137 - SERVICE INSPECTION,CONVENTIONAL NOVA - A SERVICE,158583,6575,6137,2024 - CONVENTIONAL NOVA - 6137,DRT RALEIGH GARAGE,ODOMETER,152008,ACTIVE,OPERATING,1567268,10000,1000,,,,0,0,,0
TRANSIT,TR-RALEIGH-WO,PM36729,8605 - SERVICE INSPECTION,CONVENTIONAL NEW FLYER - A SERVICE,979742,6701,8605,2012 - CONVENTIONAL NEW FLYER- 8605,DRT RALEIGH GARAGE,ODOMETER,973041,ACTIVE,OPERATING,1200183,10000,1000,,,,0,0,,0
TRANSIT,TR-RALEIGH-WO,PM36665,8578 - SERVICE INSPECTION,CONVENTIONAL NOVA - B SERVICE,813771,6763,8578,2017 - CONVENTIONAL NOVA  - 8578,DRT RALEIGH GARAGE,ODOMETER,807008,ACTIVE,OPERATING,1200167,10000,1000,,,,0,0,,0
TRANSIT,TR-RALEIGH-WO,PM37392,7107 - SERVICE INSPECTION,CONVENTIONAL NOVA - A SERVICE,393906,6803,7107,2021 - CONVENTIONAL NOVA - 7107,DRT RALEIGH GARAGE,ODOMETER,387103,ACTIVE,OPERATING,1200444,10000,1000,,,,0,0,,0
TRANSIT,TR-RALEIGH-WO,PM36577,8556 - SERVICE INSPECTION,CONVENTIONAL NOVA - A SERVICE,807964,6915,8556,2015 - CONVENTIONAL NOVA LFS- 8556,DRT RALEIGH GARAGE,ODOMETER,801049,ACTIVE,OPERATING,1200145,10000,1000,,,,0,0,,0
TRANSIT,TR-RALEIGH-WO,PM36521,8539 - SERVICE INSPECTION,CONVENTIONAL NEW FLYER - A SERVICE,877050,6960,8539,2013 - CONVENTIONAL NEW FLYER - 8539,DRT RALEIGH GARAGE,ODOMETER,870090,ACTIVE,OPERATING,1200131,10000,1000,,,,0,0,,0
TRANSIT,TR-RALEIGH-WO,PM36745,8609 - SERVICE INSPECTION,CONVENTIONAL NEW FLYER - B SERVICE,1056870,6987,8609,2012 - CONVENTIONAL NEW FLYER- 8609,DRT RALEIGH GARAGE,ODOMETER,1049883,ACTIVE,OPERATING,1200187,10000,1000,,,,0,0,,0
TRANSIT,TR-RALEIGH-WO,PM36721,8603 - SERVICE INSPECTION,CONVENTIONAL NEW FLYER - A SERVICE,960687,7187,8603,2012 - CONVENTIONAL NEW FLYER- 8603,DRT RALEIGH GARAGE,ODOMETER,953500,ACTIVE,OPERATING,1200181,10000,1000,,,,0,0,,0
TRANSIT,TR-RALEIGH-WO,PM36585,8558 - SERVICE INSPECTION,CONVENTIONAL NOVA - A SERVICE,724833,7210,8558,2015 - CONVENTIONAL NOVA LFS- 8558,DRT RALEIGH GARAGE,ODOMETER,717623,ACTIVE,OPERATING,1200147,10000,1000,,,,0,0,,0
TRANSIT,TR-WESTNEY-WO,PM36369,8501 - SERVICE INSPECTION,CONVENTIONAL NEW FLYER - A SERVICE,1196797,7346,8501,2011 - CONVENTIONAL NEW FLYER - 8501,DRT WESTNEY GARAGE,ODOMETER,1189451,ACTIVE,OPERATING,1200093,10000,1000,,,,0,0,,0
TRANSIT,TR-RALEIGH-WO,PM37404,7110 - SERVICE INSPECTION,CONVENTIONAL NOVA - A SERVICE,449470,7404,7110,2021 - CONVENTIONAL NOVA - 7110,DRT RALEIGH GARAGE,ODOMETER,442066,ACTIVE,OPERATING,1200447,10000,1000,,,,0,0,,0
TRANSIT,TR-RALEIGH-WO,PM36717,8602 - SERVICE INSPECTION,CONVENTIONAL NEW FLYER - B SERVICE,1033276,7487,8602,2012 - CONVENTIONAL NEW FLYER- 8602,DRT RALEIGH GARAGE,ODOMETER,1025789,ACTIVE,OPERATING,1200180,10000,1000,,,,0,0,,0
TRANSIT,TR-RALEIGH-WO,PM36633,8570 - SERVICE INSPECTION,CONVENTIONAL NOVA - A SERVICE,736694,7543,8570,2017 - CONVENTIONAL NOVA  - 8570,DRT RALEIGH GARAGE,ODOMETER,729151,ACTIVE,OPERATING,1200159,10000,1000,,,,0,0,,0
TRANSIT,TR-RALEIGH-WO,PM37085,9103 - SERVICE INSPECTION,NOVA ARTICULATED CONVENTIONAL  - C SERVICE,357522,7719,9103,2020 - CONVENTIONAL NOVA ARTICULATED - 9103,DRT RALEIGH GARAGE,ODOMETER,349803,ACTIVE,OPERATING,1200306,10000,1000,,,,0,0,,0
TRANSIT,TR-WESTNEY-WO,PM36465,8525 - SERVICE INSPECTION,CONVENTIONAL NEW FLYER - C SERVICE,1115309,7729,8525,2012 - CONVENTIONAL NEW FLYER - 8525,DRT WESTNEY GARAGE,ODOMETER,1107580,ACTIVE,OPERATING,1200117,10000,1000,,,,0,0,,0
TRANSIT,TR-WESTNEY-WO,PM36753,8611 - SERVICE INSPECTION,CONVENTIONAL NEW FLYER - D SERVICE,1041281,7862,8611,2012 - CONVENTIONAL NEW FLYER- 8611,DRT WESTNEY GARAGE,ODOMETER,1033419,ACTIVE,OPERATING,1200189,10000,1000,,,,0,0,,0
TRANSIT,TR-RALEIGH-WO,PM36685,8583 - SERVICE INSPECTION,CONVENTIONAL NOVA - B SERVICE,680861,8113,8583,2017 - CONVENTIONAL NOVA  - 8583,DRT RALEIGH GARAGE,ODOMETER,672748,ACTIVE,OPERATING,1200172,10000,1000,,,,0,0,,0
TRANSIT,TR-WESTNEY-WO,PM64626,6157 - SERVICE INSPECTION,CONVENTIONAL NOVA - A SERVICE,94761,8164,6157,2024 - CONVENTIONAL NOVA - 6157,DRT WESTNEY GARAGE,ODOMETER,86597,ACTIVE,OPERATING,1568404,10000,1000,,,,0,0,,0
TRANSIT,TR-RALEIGH-WO,PM37364,7113 - SERVICE INSPECTION,CONVENTIONAL NOVA - A SERVICE,414434,8259,7113,2021 - CONVENTIONAL NOVA - 7113,DRT RALEIGH GARAGE,ODOMETER,406175,ACTIVE,OPERATING,1200437,10000,1000,,,,0,0,,0
TRANSIT,TR-WESTNEY-WO,PM36777,8617 - SERVICE INSPECTION,CONVENTIONAL NEW FLYER - A SERVICE,1021969,8370,8617,2012 - CONVENTIONAL NEW FLYER- 8617,DRT WESTNEY GARAGE,ODOMETER,1013599,ACTIVE,OPERATING,1200195,10000,1000,,,,0,0,,0
TRANSIT,TR-RALEIGH-WO,PM36037,6109 - SERVICE INSPECTION,CONVENTIONAL NOVA - D SERVICE,576797,8433,6109,2018 - CONVENTIONAL NOVA - 6109,DRT RALEIGH GARAGE,ODOMETER,568364,ACTIVE,OPERATING,1200010,10000,1000,,,,0,0,,0
TRANSIT,TR-RALEIGH-WO,PM37352,9107 - SERVICE INSPECTION,NOVA ARTICULATED CONVENTIONAL  - A SERVICE,285023,8442,9107,2021 - CONVENTIONAL NOVA ARTICULATED - 9107,DRT RALEIGH GARAGE,ODOMETER,276581,ACTIVE,OPERATING,1200434,10000,1000,,,,0,0,,0
TRANSIT,TR-RALEIGH-WO,PM64467,6135 - SERVICE INSPECTION,CONVENTIONAL NOVA - C SERVICE,40366,8531,6135,2024 - ELECTRIC NOVA - 6135,DRT RALEIGH GARAGE,ODOMETER,31835,ACTIVE,OPERATING,1567923,10000,1000,,,,0,0,,0
TRANSIT,TR-WESTNEY-WO,PM64590,6144 - SERVICE INSPECTION,CONVENTIONAL NOVA - A SERVICE,159801,8570,6144,2024 - CONVENTIONAL NOVA - 6144,DRT WESTNEY GARAGE,ODOMETER,151231,ACTIVE,OPERATING,1566104,10000,1000,,,,0,0,,0
TRANSIT,TR-RALEIGH-WO,PM36397,8508 - SERVICE INSPECTION,CONVENTIONAL NEW FLYER - A SERVICE,1152871,8709,8508,2011 - CONVENTIONAL NEW FLYER - 8508,DRT RALEIGH GARAGE,ODOMETER,1144162,ACTIVE,OPERATING,1200100,10000,1000,,,,0,0,,0
TRANSIT,TR-WESTNEY-WO,PM36781,8618 - SERVICE INSPECTION,CONVENTIONAL NEW FLYER - A SERVICE,991090,8820,8618,2012 - CONVENTIONAL NEW FLYER- 8618,DRT WESTNEY GARAGE,ODOMETER,982270,ACTIVE,OPERATING,1200196,10000,1000,,,,0,0,,0
TRANSIT,TR-WESTNEY-WO,PM37408,8430 - SERVICE INSPECTION,CONVENTIONAL NOVA - B SERVICE,598005,9022,8430,2006 - CONVENTIONAL NEW FLYER - 8430,DRT WESTNEY GARAGE,ODOMETER,588983,ACTIVE,OPERATING,1200448,10000,1000,,,,0,0,,0
TRANSIT,TR-RALEIGH-WO,PM36453,8522 - SERVICE INSPECTION,CONVENTIONAL NEW FLYER - C SERVICE,1138201,9542,8522,2012 - CONVENTIONAL NEW FLYER - 8522,DRT RALEIGH GARAGE,ODOMETER,1128659,ACTIVE,OPERATING,1200114,10000,1000,,,,0,0,,0
TRANSIT,TR-WESTNEY-WO,PM36425,8515 - SERVICE INSPECTION,CONVENTIONAL NEW FLYER - A SERVICE,1251923,9634,8515,2011 - CONVENTIONAL NEW FLYER - 8515,DRT WESTNEY GARAGE,ODOMETER,1242289,ACTIVE,OPERATING,1200107,10000,1000,,,,0,0,,0
TRANSIT,TR-RALEIGH-WO,PM65095,6133 - SERVICE INSPECTION,CONVENTIONAL NOVA - A SERVICE,52626,9790,6133,2024 - ELECTRIC NOVA - 6133,DRT RALEIGH GARAGE,ODOMETER,42836,ACTIVE,OPERATING,1568057,10000,1000,,,,0,0,,0
TRANSIT,TR-WESTNEY-WO,PM62123,6127 - SERVICE INSPECTIONS,CONVENTIONAL NOVA HYBRID - A SERVICE,290142,9870,6127,2022 - CONVENTIONAL NOVA HYBRID - 6127,DRT WESTNEY GARAGE,ODOMETER,280272,ACTIVE,OPERATING,1540694,10000,1000,,,,0,0,,0
TRANSIT,TR-WESTNEY-WO,PM36529,8541 - SERVICE INSPECTION,CONVENTIONAL NEW FLYER - A SERVICE,920548,9900,8541,2013 - CONVENTIONAL NEW FLYER - 8541,DRT WESTNEY GARAGE,ODOMETER,910648,ACTIVE,OPERATING,1200133,10000,1000,,,,0,0,,0
TRANSIT,TR-RALEIGH-WO,PM64362,6131 - SERVICE INSPECTION,CONVENTIONAL NOVA - A SERVICE,50521,9917,6131,2024 - ELECTRIC NOVA - 6131,DRT RALEIGH GARAGE,ODOMETER,40604,ACTIVE,OPERATING,1567162,10000,1000,,,,0,0,,0
TRANSIT,TR-RALEIGH-WO,PM64366,6139 - SERVICE INSPECTION,CONVENTIONAL NOVA - B SERVICE,145510,9956,6139,2024 - CONVENTIONAL NOVA - 6139,DRT RALEIGH GARAGE,ODOMETER,135554,ACTIVE,OPERATING,1566603,10000,1000,,,,0,0,,0
TRANSIT,TR-RALEIGH-WO,PM37045,6113 - SERVICE INSPECTION,CONVENTIONAL NOVA - D SERVICE,561861,10000,6113,2019 - CONVENTIONAL NOVA - 6113,DRT RALEIGH GARAGE,ODOMETER,551861,ACTIVE,OPERATING,1200296,10000,1000,,,,0,0,,0
TRANSIT,TR-WESTNEY-WO,PM62121,6125 - SERVICE INSPECTIONS,CONVENTIONAL NOVA HYBRID - A SERVICE,295769,10000,6125,2022 - CONVENTIONAL NOVA HYBRID - 6125,DRT WESTNEY GARAGE,ODOMETER,285769,ACTIVE,OPERATING,1540692,10000,1000,,,,0,0,,0
TRANSIT,TR-WESTNEY-WO,PM36065,7103 - SERVICE INSPECTION,CONVENTIONAL NOVA - B SERVICE,479592,10000,7103,2018 - CONVENTIONAL NOVA - 7103,DRT WESTNEY GARAGE,ODOMETER,469592,ACTIVE,OPERATING,1200017,10000,1000,,,,0,0,,0
TRANSIT,TR-WESTNEY-WO,PM36473,8527 - SERVICE INSPECTION,CONVENTIONAL NEW FLYER - A SERVICE,1116507,10000,8527,2012 - CONVENTIONAL NEW FLYER - 8527,DRT WESTNEY GARAGE,ODOMETER,1106507,ACTIVE,OPERATING,1200119,10000,1000,,,,0,0,,0
